India/State/UT,Number of schools with primary section– Government,,,
"",Total,"Having AWC inthe school campus","Having Pre-PrimarySections","Having AWC in theschool campus andPre-Primary Sections"
(1),(2),(3),(4),(5)
India,873841,289578,239632,77714
Andaman & Nicobar Islands,316,18,296,18
Andhra Pradesh,41592,8658,11003,7410
Arunachal Pradesh,2655,194,1078,107
Assam,38777,17787,28799,13108
Bihar,69141,8193,207,36
Chandigarh,117,9,112,9
Chhattisgarh,31432,10333,9670,8360
"Dadra & Nagar Haveli andDaman & Diu",306,44,278,41
Delhi,2119,42,1645,40
Goa,699,238,164,57
Gujarat,32575,5871,31849,5864
Haryana,8751,3650,8726,3650
Himachal Pradesh,10405,2389,5981,1568
Jammu & Kashmir,17746,238,17609,237
Jharkhand,34588,1892,16849,951
Karnataka,43117,11118,1761,739
Kerala,4079,418,3558,355
Ladakh,770,291,761,291
Lakshadweep,28,3,20,3
Madhya Pradesh,79259,16947,1660,650
Maharashtra,64495,39876,2731,914
Manipur,2848,89,1530,31
Meghalaya,5458,566,4826,497
Mizoram,1285,31,923,31
Nagaland,1772,71,1724,71
Odisha,45042,21124,759,602
Puducherry,323,7,300,6
Punjab,12960,8666,12920,8665
Rajasthan,69521,22746,1207,388
Sikkim,855,51,799,51
Tamil Nadu,31497,2196,2979,2177
Telangana,24210,9513,1067,421
Tripura,4185,504,187,16
Uttar Pradesh,112519,70576,1961,1376
Uttarakhand,11347,6003,30,1
West Bengal,67052,19226,63663,18973
