India/State/UT,Number of schools with primary section– Private Unaided Recognized,,,
"",Total,"Having AWC inthe school campus","Having Pre-PrimarySections","Having AWC in theschool campus andPre-Primary Sections"
(1),(2),(3),(4),(5)
India,272338,0,177157,0
Andaman & Nicobar Islands,70,0,68,0
Andhra Pradesh,9567,0,9065,0
Arunachal Pradesh,528,0,468,0
Assam,5164,0,4773,0
Bihar,8019,0,5448,0
Chandigarh,76,0,75,0
Chhattisgarh,6877,0,6332,0
"Dadra & Nagar Haveli andDaman & Diu",63,0,50,0
Delhi,2547,0,1388,0
Goa,130,0,120,0
Gujarat,10370,0,8862,0
Haryana,8322,0,5690,0
Himachal Pradesh,2583,0,2349,0
Jammu & Kashmir,5434,0,5176,0
Jharkhand,972,0,816,0
Karnataka,14926,0,10896,0
Kerala,2918,0,2605,0
Ladakh,113,0,112,0
Lakshadweep,0,0,0,0
Madhya Pradesh,28422,0,27516,0
Maharashtra,14008,0,7185,0
Manipur,919,0,769,0
Meghalaya,1391,0,1311,0
Mizoram,623,0,578,0
Nagaland,761,0,755,0
Odisha,4770,0,2238,0
Puducherry,280,0,277,0
Punjab,7485,0,7333,0
Rajasthan,34376,0,22126,0
Sikkim,374,0,368,0
Tamil Nadu,12046,0,11751,0
Telangana,10545,0,6851,0
Tripura,394,0,375,0
Uttar Pradesh,65582,0,14568,0
Uttarakhand,4858,0,3037,0
West Bengal,6825,0,5826,0
