India/ State /UT,Pupil Teacher Ratio (PTR),,,
"","Primary(1 to 5)","Upper Primary(6-8)","Secondary(9-10)","Higher Secondary(11-12)"
(1),(2),(3),(4),(5)
India,26.5,18.5,18.5,26.1
Andaman and Nicobar Islands,12.8,9.6,8.6,8.3
Andhra Pradesh,24.4,16.8,15.9,39.8
Arunachal Pradesh,12.8,8.8,11.1,15.1
Assam,21.6,13.6,11.0,16.0
Bihar,55.4,19.4,51.8,59.3
Chandigarh,25.1,14.7,10.8,24.3
Chhattisgarh,19.3,17.8,17.2,14.2
Dadra and Nagar Haveli,27.6,20.5,26.7,30.1
Daman and Diu,29.7,22.5,14.1,15.2
Delhi,32.7,29.3,27.6,17.9
Goa,27.3,17.6,9.9,17.3
Gujarat,29.8,23.3,32.6,27.9
Haryana,23.3,16.9,12.2,12.3
Himachal Pradesh,15.3,8.5,7.5,9.5
Jammu and Kashmir,15.4,8.5,12.1,20.2
Jharkhand,30.6,22.0,33.7,54.5
Karnataka,20.9,16.3,16.1,32.1
Kerala,25.9,20.3,14.8,21.5
Ladakh,10.3,4.1,7.2,12.5
Lakshadweep,9.5,5.9,5.1,9.0
Madhya Pradesh,27.5,17.2,29.2,34.6
Maharashtra,25.7,26.2,20.3,37.0
Manipur,13.2,10.3,9.5,15.5
Meghalaya,19.5,13.3,11.5,20.0
Mizoram,16.1,7.5,9.7,13.3
Nagaland,12.5,7.8,10.0,18.1
Odisha,16.0,14.9,17.6,66.1
Puducherry,17.2,13.2,9.5,15.3
Punjab,25.0,22.3,13.9,16.1
Rajasthan,24.8,12.0,11.4,15.1
Sikkim,6.7,8.6,10.9,10.7
Tamil Nadu,20.1,15.1,12.6,20.3
Telangana,22.7,13.1,9.9,21.8
Tripura,14.7,17.0,16.0,9.6
Uttar Pradesh,30.6,24.4,28.7,40.5
Uttarakhand,18.5,17.9,13.8,18.4
West Bengal,29.5,27.6,18.3,
