"India/State/UT",Number of Primary schools – Others,,,
"",Total,"Having AWC inthe school campus","Having Pre-PrimarySections","Having AWC in theschool campus orPre-Primary Sections"
(1),(2),(3),(4),(5)
India,45978,0,17423,17423
Andaman and Nicobar Islands,0,0,0,0
Andhra Pradesh,206,0,19,19
Arunachal Pradesh,47,0,39,39
Assam,4661,0,2523,2523
Bihar,8716,0,4350,4350
Chandigarh,27,0,27,27
Chhattisgarh,209,0,13,13
"Dadra and Nagar Haveli andDaman and Diu",1,0,0,0
Delhi,0,0,0,0
Goa,0,0,0,0
Gujarat,3,0,0,0
Haryana,884,0,617,617
Himachal Pradesh,2,0,1,1
Jammu and Kashmir,104,0,74,74
Jharkhand,6164,0,4931,4931
Karnataka,9,0,1,1
Kerala,871,0,770,770
Ladakh,0,0,0,0
Lakshadweep,0,0,0,0
Madhya Pradesh,1782,0,249,249
Maharashtra,632,0,336,336
Manipur,134,0,89,89
Meghalaya,313,0,287,287
Mizoram,41,0,37,37
Nagaland,1,0,1,1
Odisha,1190,0,479,479
Puducherry,0,0,0,0
Punjab,14,0,14,14
Rajasthan,2594,0,155,155
Sikkim,0,0,0,0
Tamil Nadu,442,0,428,428
Telangana,167,0,19,19
Tripura,261,0,75,75
Uttar Pradesh,14679,0,568,568
Uttarakhand,350,0,53,53
West Bengal,1474,0,1268,1268
